{
  "_comment": "Example MQTT payload conforming to Valve_DO_V1 SM Profile",

  "@context": {
    "@version": 1.1,
    "cesmii": "https://profiles.cesmii.org/",
    "Valve_DO_V1": "https://github.com/SkelligAutomation/Skellig_ProveIt2026/smprofiles/Valve_DO_V1#",
    "profileDefinition": {
      "@id": "cesmii:profileDefinition",
      "@type": "@id"
    }
  },
  "@type": "Valve_DO_V1",
  "profileDefinition": "https://github.com/SkelligAutomation/Skellig_ProveIt2026/smprofiles/Valve_DO_V1.jsonld",

  "Device_Core": {
    "TagName": "XV-250-001",
    "ShortName": "Harvest Valve",
    "Description": "",
    "Area": "Cell_Culture",
    "Unit": "SUB-250",
    "EquipmentType": "SUB Digital Output",
    "ProfileDefinition": "https://github.com/SkelligAutomation/Skellig_ProveIt2026/smprofiles/Valve_DO_V1.jsonld"
  },
  "IO": {
    "Valve_Position_SP": {
      "Setpoint": false
    }
  },
  "Parameters": {
    "Mode": "Auto",
    "Bypass": false,
    "DO_Bad_Alarm_Enab": false,
    "Operator": false,
    "Maintenance": false,
    "OOS": false,
    "Interlocked": false,
    "ResetReq": false
  },
  "Alarms": {
    "DO_Bad_Quality": {
      "active": false,
      "priority": "High"
    },
    "ESTOP": {
      "active": false,
      "priority": "Critical"
    }
  }
}
